epoch,Adam+LBFGS0.1,Adam+LBFGS0.01,Adam+LBFGS0.001,RMSProp+LBFGS0.1,RMSProp+LBFGS0.01,RMSProp+LBFGS0.001
499,0.5362619987209394,-4.233081663925904,-1.920075866466996,2.0944572396939387,-1.7388344368493382,-1.9433015244769205
500,0.4815204305629553,-14.083030459920142,-10.613692594710336,0.481520615915925,-11.997833925401236,-10.023217098915918
