epoch,Adam+LBFGS0.1,Adam+LBFGS0.01,Adam+LBFGS0.001,RMSProp+LBFGS0.1,RMSProp+LBFGS0.01,RMSProp+LBFGS0.001
499,4.7889717303932295,1.1346628540033747,4.014923848570171,4.739419885568391,0.8108303890115369,4.451716746365712
500,3.5089621048954167,0.2778798876244484,-0.9000402392784642,4.596022977545766,-4.995993017359385,-2.4076565393253246
